X,Y,month,day,FFMC,DMC,DC,ISI,temp,RH,wind,rain,area
3,4,12,1,92.6,46.5,691.8,132,20.6,24,5.4,0,0
4,3,12,1,92.6,46.5,691.8,371,13.8,50,2.7,0,0
2,5,12,1,92.6,46.5,691.8,514,15.4,35,0.9,0,0
7,3,12,7,90.6,43.7,686.9,265,17.8,27,4,0,0
4,4,12,7,90.6,43.7,686.9,359,18.4,25,3.1,0,0
7,4,12,6,90,41.5,682.6,100,11.3,60,5.4,0,0
3,5,12,4,91.4,37.9,673.8,281,15.9,46,3.6,0,0
6,3,12,3,90.6,35.4,669.1,212,21.7,24,4.5,0,0
7,4,12,3,90.6,35.4,669.1,515,18,33,0.9,0,0
8,5,12,2,84.9,32.8,664.2,154,16.7,47,4.9,0,0
2,5,11,6,90.3,290,855.3,277,16.2,58,3.6,0,0
7,4,11,5,89.7,287.2,849.3,284,19.4,45,3.6,0,0
7,4,11,4,89.7,284.9,844,222,10.5,77,4,0,0
4,5,11,1,91,276.3,825.1,30,13.8,77,7.6,0,0
3,4,11,4,91.2,134.7,817.5,399,18.5,30,2.7,0,0
4,5,11,3,91.1,132.3,812.1,307,16.4,27,3.6,0,0
6,3,11,2,91.5,130.1,807.1,140,12.2,66,4.9,0,0
4,3,11,6,92.5,122,789.7,240,17.3,45,4,0,0
6,3,11,6,92.5,122,789.7,278,15.9,55,3.6,0,0
6,3,11,5,92.8,119,783.5,41,18.9,34,7.2,0,0
6,5,11,4,92.6,115.4,777.1,170,24.3,27,4.9,0,0
6,5,11,3,91.9,111.7,770.3,325,19.6,45,3.1,0,0
2,3,11,2,91.6,108.4,764,106,18,51,5.4,0,0
7,4,11,2,91.6,108.4,764,427,19.3,44,2.2,0,0
2,5,11,2,91.6,108.4,764,428,19.3,44,2.2,0,0
7,4,11,1,92.4,105.8,758.1,403,25.3,27,2.7,0,0
2,4,11,1,92.4,105.8,758.1,457,24.9,27,2.2,0,0
2,4,11,1,92.4,105.8,758.1,473,16,45,1.8,0,0
4,3,11,7,92.2,102.3,751.5,264,23.5,27,4,0,0
1,4,11,7,92.2,102.3,751.5,351,24.2,27,3.1,0,0
3,3,11,7,92.2,102.3,751.5,352,24.2,27,3.1,0,0
5,4,11,7,92.2,102.3,751.5,354,24.1,27,3.1,0,0
4,4,11,6,92.1,99,745.3,57,15.4,53,6.3,0,0
4,4,11,6,92.1,99,745.3,162,20.8,35,4.9,0,0
4,5,11,5,92.4,96.2,739.4,92,18.6,24,5.8,0,0
4,4,11,4,90.1,82.9,735.7,137,12.9,74,4.9,0,0
4,3,11,3,90.3,80.7,730.2,144,17.8,63,4.9,0,0
6,3,11,3,90.3,80.7,730.2,183,18.2,62,4.5,0,0
4,4,11,1,93.5,149.3,728.6,160,22.9,39,4.9,0,0
6,3,11,1,93.5,149.3,728.6,291,22.8,39,3.6,0,0
1,2,11,1,93.5,149.3,728.6,298,25.3,36,3.6,0,0
5,4,11,2,91.8,78.5,724.3,389,19.1,38,2.7,0,0
3,4,11,2,91.8,78.5,724.3,395,18.9,35,2.7,0,0
6,3,11,2,91.8,78.5,724.3,398,21.2,32,2.7,0,0
1,5,11,7,93.4,145.4,721.4,402,29.6,27,2.7,0,0
6,3,11,1,91.7,75.6,718.3,294,17.7,39,3.6,0,0
7,4,11,1,89.6,84.1,714.3,104,17.1,53,5.4,0,0
6,5,11,6,93.3,141.2,713.9,110,22.9,44,5.4,0,0
3,4,11,6,93.3,141.2,713.9,280,18.6,49,3.6,0,0
7,5,11,7,92.8,73.2,713,251,19.3,38,4,0,0
6,3,11,2,88.6,91.8,709.9,29,11.2,78,7.6,0,0
1,3,11,2,88.6,91.8,709.9,53,12.4,73,6.3,0,0
6,3,11,6,88.6,69.7,706.8,480,20.6,37,1.8,0,0
2,4,11,1,50.4,46.2,706.6,52,12.2,78,6.3,0,0
1,2,11,5,92.9,137,706.4,445,22.4,34,2.2,0,0
1,2,11,5,92.9,137,706.4,456,25.4,27,2.2,0,0
4,3,11,5,92.9,137,706.4,459,27.7,24,2.2,0,0
4,5,11,5,92.9,137,706.4,485,22.1,34,1.8,0,0
4,4,11,5,92.9,137,706.4,504,20.8,17,1.3,0,0
3,4,11,1,89.7,90,704.4,292,22.8,39,3.6,0,0
8,5,11,1,89.7,90,704.4,412,17.8,67,2.2,0,0
6,5,11,4,92.9,133.3,699.6,216,26.4,21,4.5,0,0
7,5,11,7,92.5,88,698.6,39,17.8,51,7.2,0,0
7,5,11,7,92.5,88,698.6,248,22.8,40,4,0,0
4,4,11,7,92.5,88,698.6,373,19.6,48,2.7,0,0
3,4,11,3,91,129.5,692.6,55,13.9,59,6.3,0,0
8,6,11,3,91,129.5,692.6,97,13.1,63,5.4,0,0
3,4,11,6,94.3,85.1,692.3,107,19.8,50,5.4,0,0
5,4,11,6,94.3,85.1,692.3,151,20.1,47,4.9,0,0
7,4,11,6,94.3,85.1,692.3,152,20.1,47,4.9,0,0
5,6,11,4,94.3,85.1,692.3,268,25.9,24,4,0,0
5,6,11,2,90.9,126.5,686.5,273,14.7,70,3.6,0,0
3,6,11,2,90.9,126.5,686.5,313,15.6,66,3.1,0,0
6,5,11,2,90.9,126.5,686.5,432,21.3,42,2.2,0,0
1,5,11,2,90.9,126.5,686.5,433,21,42,2.2,0,0
8,3,11,5,93.7,80.9,685.2,174,23.2,26,4.9,0,0
1,3,11,1,92.4,124.1,680.7,49,23.9,32,6.7,0,0
3,4,11,1,92.4,124.1,680.7,113,22.5,42,5.4,0,0
2,4,11,7,92.5,121.1,674.4,206,24.1,29,4.5,0,0
8,3,11,3,84.4,73.4,671.9,305,24.2,28,3.6,0,0
2,2,11,6,92.4,117.9,668,63,19.6,33,6.3,0,0
6,5,11,6,92.4,117.9,668,64,19.6,33,6.3,0,0
7,4,11,6,92.4,117.9,668,88,19,34,5.8,0,0
7,4,11,6,92.4,117.9,668,89,19,34,5.8,0,0
1,4,10,6,90.6,269.8,811.2,282,22.2,45,3.6,0,0
4,5,10,5,89.4,266.2,803.3,320,17.4,54,3.1,0,0
8,6,10,7,89.4,253.6,768.4,364,14.2,73,2.7,0,0
2,4,10,5,91.6,248.4,753.8,367,16.6,59,2.7,0,0
9,6,10,5,91.6,248.4,753.8,368,20.5,58,2.7,0,0
2,2,10,5,91.6,248.4,753.8,413,20.4,56,2.2,0,0
8,6,10,5,91.6,248.4,753.8,414,20.4,56,2.2,0,0
5,4,10,6,91,166.9,752.6,7.1,21.1,71,7.6,1.4,0
1,2,10,6,91,166.9,752.6,15,18.5,73,8.5,0,0
6,5,10,6,91,166.9,752.6,98,18.2,62,5.4,0,0
7,4,10,2,91.5,238.2,730.6,224,17.7,65,4,0,0
2,4,10,1,93.6,235.1,723.1,139,20.9,66,4.9,0,0
8,6,10,7,93.7,231.1,715.1,142,18.9,64,4.9,0,0
8,6,10,7,93.7,231.1,715.1,143,18.9,64,4.9,0,0
1,2,10,7,93.7,231.1,715.1,345,25.9,32,3.1,0,0
2,2,10,7,93.7,231.1,715.1,431,21.9,42,2.2,0,0
7,4,10,6,94.8,227,706.7,342,23.3,34,3.1,0,0
6,4,10,6,94.8,227,706.7,343,23.3,34,3.1,0,0
7,4,10,1,91.8,175.1,700.7,13.8,21.9,73,7.6,1,0
8,6,10,5,94.8,222.4,698.6,48,23.9,38,6.7,0,0
1,3,10,5,94.8,222.4,698.6,87,26.2,34,5.8,0,0
8,6,10,5,94.8,222.4,698.6,169,27.5,27,4.9,0,0
5,4,10,5,94.8,222.4,698.6,381,20.3,42,2.7,0,0
2,5,10,5,87.5,77,694.8,237,22.3,46,4,0,0
7,4,10,7,91.8,170.9,692.3,477,23.7,40,1.8,0,0
2,4,10,4,95.2,217.7,690,218,30.8,19,4.5,0,0
2,2,10,3,94.6,212.1,680.9,455,27.9,27,2.2,0,0
8,6,10,2,92.1,207,672.6,415,21.1,54,2.2,0,0
4,4,10,3,96.1,181.1,671.2,14.3,20.7,69,4.9,0.4,0
6,5,10,3,96.1,181.1,671.2,404,33.3,26,2.7,0,0
3,4,10,3,96.1,181.1,671.2,453,32.3,27,2.2,0,0
6,5,10,4,93.1,157.3,666.7,296,22.1,37,3.6,0,0
7,4,10,1,81.6,56.7,665.6,44,21.2,70,6.7,0,0
6,5,10,6,63.5,70.8,665.3,43,17,72,6.7,0,0
2,4,10,1,92,203.2,664.5,112,24.9,42,5.4,0,0
4,5,10,1,92,203.2,664.5,506,10.4,75,0.9,0,0
4,5,10,2,96.2,175.5,661.8,356,32.6,26,3.1,0,0
2,2,10,5,91.7,114.3,661.3,192,18.6,44,4.5,0,0
1,2,10,5,91.7,114.3,661.3,283,20.2,45,3.6,0,0
4,3,10,5,91.7,114.3,661.3,286,17.6,45,3.6,0,0
8,6,10,3,92.1,152.6,658.2,184,20.1,58,4.5,0,0
2,5,10,3,92.1,152.6,658.2,235,20.2,47,4,0,0
4,3,10,4,92.1,111.2,654.1,158,20.4,42,4.9,0,0
4,3,10,4,92.1,111.2,654.1,159,20.4,42,4.9,0,0
2,4,10,4,92.1,111.2,654.1,254,20.5,35,4,0,0
2,2,10,3,94.8,108.3,647.1,46,17.4,43,6.7,0,0
4,4,10,3,94.8,108.3,647.1,103,16.6,54,5.4,0,0
1,2,10,3,94.8,108.3,647.1,187,18.6,51,4.5,0,0
8,6,10,5,90.7,194.1,643,290,21.3,41,3.6,0,0
2,2,10,2,91.1,103.2,638.8,347,23.1,31,3.1,0,0
8,6,10,2,91.1,103.2,638.8,406,23.4,22,2.7,0,0
1,3,10,6,95.9,158,633.6,205,27.5,29,4.5,0,0
8,6,10,1,90.2,99.6,631.2,316,16.2,59,3.1,0,0
4,5,10,1,90.2,99.6,631.2,344,21.4,33,3.1,0,0
2,5,10,1,90.2,99.6,631.2,378,19.2,44,2.7,0,0
2,2,10,1,90.2,99.6,631.2,396,20.8,33,2.7,0,0
4,4,10,7,90.2,96.9,624.2,47,18.4,42,6.7,0,0
6,5,10,7,90.2,96.9,624.2,72,14.7,59,5.8,0,0
4,4,10,5,95.8,152,624.1,215,32.4,21,4.5,0,0
1,4,10,7,94.4,146,614.7,245,25.6,42,4,0,0
3,4,10,3,88.8,147.3,614.5,95,14.4,66,5.4,0,0
8,6,10,3,88.8,147.3,614.5,96,14.4,66,5.4,0,0
2,4,10,1,91.6,181.3,613,420,20.9,50,2.2,0,0
3,4,10,2,91.5,145.4,608.2,111,17.1,43,5.4,0,0
8,6,10,2,91.5,145.4,608.2,407,8,86,2.2,0,0
3,4,10,2,91.5,145.4,608.2,408,10.3,74,2.2,0,0
5,4,10,3,95.1,141.3,605.8,300,26.4,34,3.6,0,0
4,4,10,4,95.1,141.3,605.8,493,20.6,58,1.3,0,0
1,2,10,1,91.4,142.4,601.4,61,19.5,39,6.3,0,0
8,6,10,1,91.4,142.4,601.4,83,19.6,41,5.8,0,0
7,4,10,1,91.4,142.4,601.4,99,16.3,60,5.4,0,0
7,4,10,1,91.4,142.4,601.4,119,20.1,39,5.4,0,0
3,4,10,1,91.4,142.4,601.4,120,19.8,39,5.4,0,0
3,4,10,1,91.4,142.4,601.4,121,19.8,39,5.4,0,0
2,2,10,7,93.5,139.4,594.2,42,22.9,31,7.2,0,0
7,4,10,7,93.5,139.4,594.2,70,5.1,96,5.8,0,0
8,6,10,1,94.9,130.3,587.1,130,31,27,5.4,0,0
1,2,10,3,91,121.2,561.6,50,21.6,19,6.7,0,0
7,4,10,7,90.2,110.9,537.4,81,19.5,43,5.8,0,0
8,6,10,6,90.1,108,529.8,14,21.2,51,8.9,0,0
8,6,10,2,92.3,88.9,495.6,353,24.1,27,3.1,0,0
8,6,10,1,92.3,85.3,488,65,20.8,32,6.3,0,0
8,6,10,1,92.3,85.3,488,128,22.2,29,5.4,0,0
2,2,10,5,93,75.3,466.6,164,18.8,35,4.9,0,0
3,4,10,5,93,75.3,466.6,340,19.6,36,3.1,0,0
5,5,10,1,94,47.9,100.7,181,17.3,80,4.5,0,0
3,4,9,2,94.6,160,567.2,374,17.9,48,2.7,0,0
9,9,9,5,93.2,114.4,560,210,30.2,25,4.5,0,0
3,4,9,4,91.9,133.6,520.5,227,14.2,58,4,0,0
7,4,9,7,91.6,104.2,474.9,372,22.1,49,2.7,0,0
2,5,9,7,91.6,104.2,474.9,467,18.7,53,1.8,0,0
7,4,9,7,91.6,104.2,474.9,486,24.2,32,1.8,0,0
7,4,9,7,91.6,104.2,474.9,487,24.3,30,1.8,0,0
1,4,9,3,92.3,96.2,450.2,127,23.4,31,5.4,0,0
6,6,9,2,94.2,62.3,442.9,339,23,36,3.1,0,0
7,6,9,4,91.2,183.1,437.7,12.5,12.6,90,7.6,0.2,0
2,5,9,1,93.9,169.7,411.8,60,23.4,40,6.3,0,0
2,5,9,7,90.8,84.7,376.6,469,23.8,51,1.8,0,0
1,2,9,6,90.7,80.9,368.3,23,14.8,78,8,0,0
4,4,9,3,79.5,60.6,366.7,336,23.3,37,3.1,0,0
7,5,8,1,93.1,180.4,430.8,495,22.2,48,1.3,0,0
8,6,8,4,91.2,147.8,377.2,156,19.6,43,4.9,0,0
6,5,8,2,90.4,93.3,298.1,122,19.1,39,5.4,0,0
9,5,8,4,93.3,49.5,297.7,199,28,34,4.5,0,0
6,4,8,1,90.4,89.5,290.8,472,14.3,46,1.8,0,0
6,5,8,7,53.4,71,233.8,363,10.6,90,2.7,0,0
3,6,8,6,91.1,94.1,232.1,195,19.2,38,4.5,0,0
3,6,8,6,91.1,94.1,232.1,196,19.2,38,4.5,0,0
7,4,8,1,94.3,96.3,200,191,21,44,4.5,0,0
6,5,7,7,85.1,28,113.8,135,11.3,94,4.9,0,0
6,4,6,7,86.3,27.4,97.1,193,9.3,44,4.5,0,0
4,4,6,6,83,23.3,85.3,362,16.7,20,3.1,0,0
6,3,6,1,91,14.6,25.6,12,13.7,33,9.4,0,0
5,4,6,1,91,14.6,25.6,91,17.6,27,5.8,0,0
7,5,6,1,81.9,3,7.9,462,13.4,75,1.8,0,0
4,4,5,2,87.6,52.2,103.8,77,11,46,5.8,0,0
7,3,5,2,87.6,52.2,103.8,78,11,46,5.8,0,0
4,3,5,2,87.6,52.2,103.8,79,11,46,5.8,0,0
2,2,5,1,89.3,51.3,102.2,56,5.5,59,6.3,0,0
2,2,5,1,89.3,51.3,102.2,85,11.5,39,5.8,0,0
8,6,5,1,89.3,51.3,102.2,86,11.5,39,5.8,0,0
4,6,5,1,89.3,51.3,102.2,155,10.6,46,4.9,0,0
6,5,5,6,91.2,48.3,97.8,13,14.6,26,9.4,0,0
7,5,5,6,86.2,26.2,94.3,45,8.2,51,6.7,0,0
5,4,5,2,90.1,39.7,86.6,116,13.2,40,5.4,0,0
3,4,5,7,91.7,35.8,80.8,66,11.6,30,6.3,0,0
5,5,5,7,91.7,35.8,80.8,131,15.1,27,5.4,0,0
8,6,5,6,91.7,35.8,80.8,133,17.4,24,5.4,0,0
4,4,5,7,91.7,35.8,80.8,171,17,27,4.9,0,0
4,4,5,7,91.7,35.8,80.8,172,17,27,4.9,0,0
8,6,5,6,91.7,33.3,77.5,9,8.3,97,4,0.2,0
5,4,5,6,91.7,33.3,77.5,69,15.6,25,6.3,0,0
4,5,5,6,91.7,33.3,77.5,209,17.2,26,4.5,0,0
3,4,5,6,91.7,33.3,77.5,219,18.8,18,4.5,0,0
4,5,5,5,91.4,30.7,74.3,348,18.2,29,3.1,0,0
6,4,5,4,89.2,27.9,70.8,255,15.9,35,4,0,0
3,4,5,3,88.1,25.7,67.6,37,15.8,27,7.6,0,0
3,5,5,3,88.1,25.7,67.6,68,15.5,27,6.3,0,0
4,4,5,3,88.1,25.7,67.6,380,14.1,43,2.7,0,0
3,5,5,3,88.1,25.7,67.6,390,14.9,38,2.7,0,0
4,6,5,2,87.2,23.9,64.7,335,14,39,3.1,0,0
4,4,5,2,87.2,23.9,64.7,484,11.8,35,1.8,0,0
4,5,5,6,85.9,19.5,57.3,58,12.7,52,6.3,0,0
4,4,5,6,85.9,19.5,57.3,82,13.7,43,5.8,0,0
6,5,5,5,91.3,20.6,43.5,308,13.3,27,3.6,0,0
6,5,5,5,90.9,18.9,30.6,76,8.7,51,5.8,0,0
5,5,5,5,90.9,18.9,30.6,109,11.6,48,5.4,0,0
3,4,5,4,93.4,17.3,28.3,27,8.9,35,8,0,0
6,5,5,4,93.4,17.3,28.3,93,13.8,24,5.8,0,0
3,4,5,7,69,2.4,15.5,134,17.4,24,5.4,0,0
6,3,4,1,84.9,27.5,353.5,230,4.2,51,4,0,0
4,6,4,7,68.2,21.5,87.2,385,15.4,40,2.7,0,0
4,5,4,7,84.7,8.2,55,238,14.2,46,4,0,0
6,3,4,6,84.1,7.3,52.8,383,14.7,42,2.7,0,0
6,5,4,2,84.1,4.6,46.7,463,5.3,68,1.8,0,0
9,9,4,6,86.6,13.2,43,330,15.7,43,3.1,0,0
2,2,4,6,86.6,13.2,43,509,12.3,51,0.9,0,0
2,2,4,2,84,9.3,34,115,13.9,40,5.4,0,0
3,4,4,7,83.9,8,30.2,470,12.7,48,1.8,0,0
9,9,4,5,84.2,6.8,26.6,310,6.7,79,3.1,0,0
4,5,3,1,18.7,1.1,171.4,505,5.2,100,0.9,0,0
2,4,3,7,82.1,3.7,9.3,311,5.3,78,3.1,0,0
6,3,1,3,79.5,3,106.7,204,11.8,31,4.5,0,0
5,4,10,1,91.8,175.1,700.7,117,25.7,39,5.4,0,0.09
6,5,10,3,94.3,131.7,607.1,228,19.4,55,4,0,0.17
3,4,10,4,93.1,157.3,666.7,518,21.7,40,0.4,0,0.21
8,6,10,4,93.1,157.3,666.7,400,28.7,28,2.7,0,0.24
1,3,11,6,91.1,91.3,738.1,423,19.1,46,2.2,0,0.33
9,9,9,3,85.8,48.3,313.4,382,18,42,2.7,0,0.36
3,4,11,1,89.6,84.1,714.3,299,23.8,35,3.6,0,0.41
2,5,11,3,91,129.5,692.6,323,17.6,46,3.1,0,0.43
1,2,10,6,91,166.9,752.6,289,25.9,41,3.6,0,0.43
4,4,11,2,90.9,126.5,686.5,439,17.7,39,2.2,0,0.47
7,4,11,6,88.2,55.2,732.3,314,15.2,64,3.1,0,0.52
3,4,10,3,92.1,152.6,658.2,346,21,32,3.1,0,0.52
8,6,10,2,92.1,207,672.6,489,25.5,29,1.8,0,0.54
2,5,10,4,95.5,99.9,513.3,126,23.8,32,5.4,0,0.55
1,2,10,6,90.1,108,529.8,365,14.7,66,2.7,0,0.61
8,5,10,4,93.1,157.3,666.7,358,26.8,25,3.1,0,0.68
8,6,10,7,94.2,117.2,581.1,435,23.9,41,2.2,0,0.68
1,2,9,7,90,51.3,296.3,105,16.6,53,5.4,0,0.71
1,3,11,7,91.2,94.3,744.4,234,22.3,48,4,0,0.72
2,4,10,4,92.2,91.6,503.6,409,20.7,70,2.2,0,0.75
3,4,10,1,91.8,175.1,700.7,62,26.8,38,6.3,0,0.76
1,2,10,4,95.5,99.9,513.3,203,23.3,31,4.5,0,0.77
4,4,10,3,93.7,102.2,550.3,35,22.1,54,7.6,0,0.79
6,4,10,5,95.2,131.7,578.8,246,20.3,41,4,0,0.9
8,6,8,1,90.4,89.5,290.8,426,15.4,45,2.2,0,0.9
3,4,5,2,90.1,39.7,86.6,260,10.6,30,4,0,0.95
3,4,11,3,84.4,73.4,671.9,326,17.9,45,3.1,0,0.96
6,5,11,5,92.8,119,783.5,458,21.6,27,2.2,0,1.01
2,2,10,3,94.8,108.3,647.1,213,24.6,22,4.5,0,1.07
6,5,11,6,92.5,122,789.7,434,18.4,42,2.2,0,1.09
3,4,4,4,86.9,6.6,18.7,341,8.8,35,3.1,0,1.1
8,6,11,5,93.7,80.9,685.2,211,23.7,25,4.5,0,1.12
6,5,8,6,92.5,56.4,433.3,118,23.2,39,5.4,0,1.19
8,6,10,2,92.1,207,672.6,499,26.8,35,1.3,0,1.23
7,4,11,6,92.1,99,745.3,421,18.7,50,2.2,0,1.26
3,4,10,1,94.9,130.3,587.1,84,23.4,40,5.8,0,1.29
9,9,9,1,90.1,68.6,355.2,451,24.8,29,2.2,0,1.36
3,4,10,7,91.8,170.9,692.3,507,20.6,59,0.9,0,1.38
3,4,9,7,90.1,51.2,424.1,474,24.6,43,1.8,0,1.43
6,3,11,7,93.4,145.4,721.4,405,30.2,24,2.7,0,1.46
4,5,11,6,94.3,85.1,692.3,297,17.7,37,3.6,0,1.46
4,3,11,2,91.6,108.4,764,461,9.8,86,1.8,0,1.47
7,4,10,5,91.9,109.2,565.5,388,21.4,38,2.7,0,1.52
2,2,10,3,94.8,108.3,647.1,214,24.6,22,4.5,0,1.56
6,3,10,6,91.1,141.1,629.1,293,19.3,39,3.6,0,1.56
4,4,11,4,92.6,115.4,777.1,476,19.7,41,1.8,0,1.58
2,4,11,7,93.4,145.4,721.4,454,28.6,27,2.2,0,1.61
2,2,10,4,92.1,111.2,654.1,285,18.4,45,3.6,0,1.63
9,4,9,2,92.3,92.1,442.1,208,22.8,27,4.5,0,1.63
4,4,11,6,92.1,99,745.3,163,20.8,35,4.9,0,1.64
1,2,10,4,92.1,111.2,654.1,510,16.6,47,0.9,0,1.64
2,2,11,6,92.4,117.9,668,125,19.6,33,5.4,0,1.69
5,4,11,6,92.1,99,745.3,275,12.8,64,3.6,0,1.72
4,5,11,3,91.1,132.3,812.1,123,15.9,38,5.4,0,1.75
7,4,5,2,90.1,39.7,86.6,349,16.1,29,3.1,0,1.75
4,3,9,5,93.5,85.3,395,502,27.2,28,1.3,0,1.76
6,5,10,5,95.2,131.7,578.8,269,27.4,22,4,0,1.9
8,4,10,7,91.6,273.8,819.1,190,21.3,44,4.5,0,1.94
8,3,8,2,88.2,96.2,229,220,14.3,79,4,0,1.94
6,3,5,7,90.6,50.1,100.4,17,15.2,31,8.5,0,1.94
6,5,11,7,92.5,121.1,674.4,263,25.1,27,4,0,1.95
2,4,10,4,94.5,139.4,689.1,167,29.2,30,4.9,0,1.95
4,4,10,3,95.1,141.3,605.8,33,19.4,71,7.6,0,2
4,4,11,1,89.7,90,704.4,491,17.8,64,1.3,0,2.01
5,4,11,6,92.1,99,745.3,272,10.1,75,3.6,0,2.03
2,4,10,2,95,135.5,596.3,304,30.6,28,3.6,0,2.07
1,4,11,2,92.1,87.7,721.1,319,18.1,54,3.1,0,2.13
6,5,5,5,84.9,18.2,55,182,5.3,70,4.5,0,2.14
6,4,4,3,75.1,4.4,16.2,94,5.1,77,5.4,0,2.14
2,4,10,6,91,166.9,752.6,288,25.9,41,3.6,0,2.17
3,5,11,5,90.7,136.9,822.8,387,12.9,39,2.7,0,2.18
8,6,11,2,91.5,130.1,807.1,188,15.9,51,4.5,0,2.18
4,3,9,1,93.7,101.3,423.4,239,26.1,45,4,0,2.21
6,5,10,4,92.1,111.2,654.1,511,16.6,47,0.9,0,2.29
2,4,10,2,92.1,207,672.6,448,27.9,33,2.2,0,2.35
6,5,10,1,92,203.2,664.5,410,19.1,70,2.2,0,2.44
8,5,10,4,93.1,157.3,666.7,338,24,36,3.1,0,2.47
6,5,10,4,96,127.1,570.5,202,23.4,33,4.5,0,2.51
4,5,5,6,91.2,48.3,97.8,36,15.8,27,7.6,0,2.53
2,5,10,5,95.2,131.7,578.8,401,24.2,28,2.7,0,2.55
4,4,11,4,92.9,133.3,699.6,217,26.4,21,4.5,0,2.57
4,5,9,6,91.6,100.2,466.3,498,22.9,40,1.3,0,2.64
8,6,10,4,85.6,90.4,609.6,233,17.4,50,4,0,2.69
8,6,10,1,91.4,142.4,601.4,157,18.2,43,4.9,0,2.74
4,3,9,5,93.2,114.4,560,178,30.2,22,4.9,0,2.75
6,6,10,2,96.2,175.5,661.8,430,23.9,42,2.2,0,2.77
2,4,10,1,91.8,175.1,700.7,34,22.4,54,7.6,0,2.87
6,5,11,3,91.9,111.7,770.3,394,21.1,35,2.7,0,2.93
2,5,10,1,91.6,181.3,613,253,24.8,36,4,0,3.05
2,5,11,2,90.9,126.5,686.5,478,21.9,39,1.8,0,3.07
4,4,10,3,92.1,152.6,658.2,369,19.1,53,2.7,0,3.09
6,5,5,2,87.2,15.1,36.9,80,10.2,45,5.8,0,3.18
2,5,8,5,93.7,121.7,350.2,11,22.7,40,9.4,0,3.19
5,6,10,1,91.6,181.3,613,302,24.3,33,3.6,0,3.2
3,4,10,6,91.6,112.4,573,28,11.2,84,7.6,0,3.3
8,6,10,7,93.7,231.1,715.1,303,26.9,31,3.6,0,3.32
6,5,11,7,92.2,102.3,751.5,450,21.2,32,2.2,0,3.33
6,5,6,2,87.9,24.9,41.6,315,10.9,64,3.1,0,3.35
1,4,10,7,90.2,96.9,624.2,161,20.3,39,4.9,0,3.5
6,5,8,2,90.4,93.3,298.1,175,20.7,25,4.9,0,3.52
3,4,10,1,91.6,181.3,613,241,24.6,44,4,0,3.63
4,3,11,1,90.5,96.7,750.5,150,20.4,55,4.9,0,3.64
1,3,11,1,91,276.3,825.1,243,21.9,43,4,0,3.71
3,4,11,6,92.1,99,745.3,185,17.4,57,4.5,0,3.71
4,4,11,5,92.4,96.2,739.4,177,19.2,24,4.9,0,3.78
2,4,11,2,91.6,108.4,764,475,20.4,41,1.8,0,3.93
1,4,11,6,92.5,122,789.7,438,21.1,39,2.2,0,3.94
6,5,11,7,87.1,291.3,860.6,138,17,67,4.9,0,3.95
2,4,10,6,91.6,112.4,573,331,21.4,42,3.1,0,4.25
2,2,10,3,92.1,152.6,658.2,317,21.8,56,3.1,0,4.4
5,4,11,5,92.8,119,783.5,67,21.6,28,6.3,0,4.41
6,5,11,5,88.1,53.3,726.9,466,13.7,56,1.8,0,4.42
1,4,10,7,90.2,96.9,624.2,468,14.2,53,1.8,0,4.53
6,5,6,5,81.5,9.1,55.2,73,5.8,54,5.8,0,4.61
7,4,4,6,84.6,3.2,43.6,10,8.2,53,9.4,0,4.62
1,2,10,1,90.2,99.6,631.2,429,17.9,44,2.2,0,4.69
7,4,11,4,90.1,82.9,735.7,186,15.4,57,4.5,0,4.88
3,4,11,5,91.1,88.2,731.7,236,22.8,46,4,0,4.95
2,5,10,7,93.7,231.1,715.1,229,23.6,53,4,0,4.96
1,4,11,1,89.6,84.1,714.3,418,19,52,2.2,0,5.18
5,4,10,3,88.8,147.3,614.5,194,17.3,43,4.5,0,5.23
4,4,11,1,92.4,124.1,680.7,492,16.9,60,1.3,0,5.33
4,6,2,5,84.6,26.4,352,146,5.1,61,4.9,0,5.38
6,5,4,3,75.1,4.4,16.2,51,4.6,82,6.3,0,5.39
8,6,12,2,84.9,32.8,664.2,259,19.1,32,4,0,5.44
3,4,5,4,90.2,18.5,41.1,114,11.2,41,5.4,0,5.55
4,3,11,3,91.9,111.7,770.3,416,15.9,53,2.2,0,5.65
1,2,10,5,91,163.2,744.4,481,26.7,35,1.8,0,5.8
1,4,11,2,91.5,130.1,807.1,443,21.3,35,2.2,0,5.83
4,5,10,4,95.2,217.7,690,108,23.4,49,5.4,0,5.86
7,4,11,6,92.1,99,745.3,287,20.6,43,3.6,0,5.97
2,4,11,4,87.9,84.8,725.1,446,21.8,34,2.2,0,6.04
2,2,11,2,91.5,130.1,807.1,329,16.8,43,3.1,0,6.1
8,6,9,1,88.9,263.1,795.9,306,29.3,27,3.6,0,6.3
1,3,10,7,92.1,178,605.3,247,23.3,40,4,0,6.36
5,4,4,1,86.8,15.6,48.3,417,12.4,53,2.2,0,6.38
7,5,10,7,93.7,231.1,715.1,301,26.4,33,3.6,0,6.43
8,6,10,4,95.2,217.7,690,488,28.2,29,1.8,0,6.43
2,4,10,1,81.6,56.7,665.6,71,21.9,71,5.8,0,6.44
4,4,10,6,94.3,167.6,684.4,321,21.8,53,3.1,0,6.54
8,6,9,3,92.3,88.8,440.9,274,17.1,67,3.6,0,6.57
6,5,11,7,92.2,102.3,751.5,483,19.7,35,1.8,0,6.58
6,3,6,4,88,17.2,43.5,370,15.2,51,2.7,0,6.61
7,4,12,2,91.7,48.5,696.1,189,16.8,45,4.5,0,6.83
2,2,4,7,79.5,3.6,15.3,508,4.6,59,0.9,0,6.84
2,5,10,6,93.9,135.7,586.7,124,23.5,36,5.4,0,6.96
6,3,9,3,92.7,164.1,575.8,334,26.3,39,3.1,0,7.02
6,4,11,3,91,129.5,692.6,379,18.7,43,2.7,0,7.04
8,6,5,1,89.3,51.3,102.2,460,11.4,99,1.8,0,7.19
1,4,11,5,92.8,119,783.5,262,16.8,28,4,0,7.21
7,4,11,2,90.9,126.5,686.5,496,19.4,48,1.3,0,7.3
5,4,11,6,92.1,99,745.3,271,10.1,75,3.6,0,7.31
7,4,9,1,93.7,101.3,423.4,180,18.2,82,4.5,0,7.36
6,4,5,7,90.8,41.9,89.4,512,13.3,42,0.9,0,7.4
6,3,11,2,91.6,108.4,764,444,23,34,2.2,0,7.48
5,4,9,4,93.7,101.3,458.8,40,19.3,39,7.2,0,7.73
5,4,11,6,90.3,290,855.3,276,16.2,58,3.6,0,7.8
9,4,9,7,91.6,104.2,474.9,513,25.3,39,0.9,0,8
4,3,10,7,94.2,117.2,581.1,377,21.4,44,2.7,0,8.02
6,3,11,6,92.5,122,789.7,386,19.7,39,2.7,0,8.12
9,5,8,4,93.3,49.5,297.7,200,28,34,4.5,0,8.16
7,4,5,1,90.7,44,92.4,226,11.5,60,4,0,8.24
6,5,5,6,91.2,48.3,97.8,257,11.7,33,4,0,8.31
8,6,10,5,90.7,194.1,643,366,16.2,63,2.7,0,8.59
8,6,10,5,95.2,131.7,578.8,424,20.7,45,2.2,0,8.68
2,4,10,3,94.8,108.3,647.1,249,20.1,40,4,0,8.71
2,4,10,2,93.6,97.9,542,258,28.3,32,4,0,8.85
4,6,2,1,84.4,27.2,353.5,16,4.8,57,8.5,0,8.98
2,2,10,3,92.1,152.6,658.2,361,23.7,24,3.1,0,9.27
4,6,2,6,84.7,26.7,352.6,147,2.2,59,4.9,0,9.27
4,5,11,4,92.9,133.3,699.6,267,24.3,25,4,0,9.41
1,4,10,6,90.5,196.8,649.9,136,11.8,88,4.9,0,9.71
4,4,2,2,85.4,25.4,349.7,21,4.6,21,8.5,0,9.77
4,3,11,6,90.3,290,855.3,327,19.9,44,3.1,0,9.96
7,4,4,2,84.7,9.5,58.3,54,7.5,71,6.3,0,9.96
7,4,10,1,94.8,108.3,647.1,497,16.4,47,1.3,0,10.01
8,6,10,6,93.9,135.7,586.7,165,20.8,34,4.9,0,10.02
4,3,8,5,93,103.8,316.7,393,26.4,35,2.7,0,10.08
2,4,10,1,94.2,122.3,589.9,223,15.4,66,4,0,10.13
6,3,10,5,91.6,138.1,621.7,333,18.9,41,3.1,0,10.34
4,4,2,2,85.4,25.4,349.7,19,4.6,21,8.5,0,10.73
7,5,10,3,96.1,181.1,671.2,14.3,21.6,65,4.9,0.8,10.82
6,5,6,5,81.5,9.1,55.2,74,5.8,54,5.8,0,10.93
7,4,11,1,91,276.3,825.1,31,13.8,77,7.6,0,11.06
1,2,11,5,92.9,137,706.4,516,21.5,15,0.9,0,11.06
4,3,10,1,81.6,56.7,665.6,397,27.8,32,2.7,0,11.16
8,6,2,4,84,27.8,354.6,25,5.1,61,8,0,11.19
4,4,11,7,91.2,124.4,795.3,436,17.1,41,2.2,0,11.22
6,4,11,3,91,129.5,692.6,384,18.3,40,2.7,0,11.24
2,4,11,2,63.5,70.8,665.3,295,22.6,38,3.6,0,11.32
1,2,11,3,91,129.5,692.6,437,18.8,40,2.2,0,11.53
6,5,5,1,90.1,37.6,83.7,279,12.4,54,3.6,0,12.1
7,4,10,7,91.6,273.8,819.1,24,15.5,72,8,0,12.18
6,5,11,7,91.2,94.3,744.4,149,15.4,57,4.9,0,12.64
7,4,4,1,83.9,8.7,32.1,411,8.8,68,2.2,0,13.05
7,4,11,6,92.1,99,745.3,375,19.8,47,2.7,0,13.06
8,6,12,4,91.4,37.9,673.8,391,20.2,37,2.7,0,13.7
5,6,5,7,90.6,50.1,100.4,225,15.1,64,4,0,13.99
6,3,11,1,92.4,105.8,758.1,490,24.8,28,1.8,0,14.29
4,5,11,5,92.9,137,706.4,517,21.5,15,0.9,0,14.57
7,5,10,3,96.1,181.1,671.2,14.3,27.3,63,4.9,6.4,14.68
5,4,10,1,93.6,235.1,723.1,231,24.1,50,4,0,15.34
3,5,10,7,93.5,139.4,594.2,75,17.6,52,5.8,0,15.45
7,4,11,7,91.2,124.4,795.3,207,21.5,28,4.5,0,15.64
7,4,10,1,91.6,181.3,613,145,19.3,61,4.9,0,16
6,6,10,7,96,164,643,166,30.8,30,4.9,0,16.33
5,4,10,3,95.1,141.3,605.8,59,24.1,43,6.3,0,16.4
1,4,11,3,91,129.5,692.6,440,21.7,38,2.2,0,17.2
6,5,2,3,85.4,25.4,349.7,18,5.1,24,8.5,0,17.85
6,5,11,6,90.3,290,855.3,221,10.3,78,4,0,18.3
2,2,11,6,92.4,117.9,668,197,23,37,4.5,0,19.23
8,6,11,2,91.9,111.7,770.3,419,15.7,51,2.2,0,20.03
3,4,2,2,85.4,25.4,349.7,20,4.6,21,8.5,0,22.03
4,6,11,5,93.7,80.9,685.2,332,17.6,42,3.1,0,23.41
7,4,12,7,90.6,43.7,686.9,500,14.6,33,1.3,0,24.23
5,4,4,6,85.2,4.9,15.8,26,7.5,46,8,0,24.24
3,4,11,1,90.5,96.7,750.5,102,20.6,55,5.4,0,24.59
4,4,2,2,85.4,25.4,349.7,22,4.6,21,8.5,0,24.77
7,4,10,7,93.5,139.4,594.2,90,23.7,32,5.8,0,26
6,3,11,6,94.3,85.1,692.3,309,25.4,24,3.6,0,26.13
2,5,10,1,94.9,130.3,587.1,266,33.1,25,4,0,26.43
1,3,5,2,87.6,52.2,103.8,312,8.3,72,3.1,0,27.35
6,3,11,2,91.5,130.1,807.1,479,20.6,37,1.8,0,28.19
3,4,5,7,91.7,35.8,80.8,173,15.2,27,4.9,0,28.66
6,5,5,7,91.7,35.8,80.8,176,17.4,25,4.9,0,28.66
9,9,10,6,94.8,227,706.7,252,25,36,4,0,28.74
3,6,11,1,92.4,124.1,680.7,494,17.2,58,1.3,0,29.48
8,6,11,6,91.1,91.3,738.1,376,20.7,46,2.7,0,30.18
4,5,11,2,88.6,91.8,709.9,101,17.4,56,5.4,0,30.32
5,4,11,4,92.9,133.3,699.6,482,21.9,35,1.8,0,31.72
6,5,5,2,90.1,39.7,86.6,355,15.2,27,3.1,0,31.86
4,3,10,1,90.2,99.6,631.2,447,21.5,34,2.2,0,32.07
6,5,11,5,92.8,119,783.5,261,16.8,28,4,0,34.36
5,4,11,6,93.3,141.2,713.9,501,27.6,30,1.3,0,35.88
3,5,5,2,87.6,52.2,103.8,422,9,49,2.2,0,36.85
2,2,9,6,88.3,150.3,309.9,270,13.4,79,3.6,0,37.02
2,5,11,4,90.1,82.9,735.7,425,18.3,45,2.2,0,37.71
4,3,7,6,89.6,25.4,73.7,250,18,40,4,0,38.48
6,5,11,7,91.2,94.3,744.4,153,16.8,47,4.9,0,39.35
8,6,10,3,96.1,181.1,671.2,14.3,21.6,65,4.9,0.8,40.54
3,4,10,5,91.6,248.4,753.8,318,16.8,56,3.1,0,42.87
1,3,10,6,95.9,158,633.6,452,32.4,27,2.2,0,43.32
4,4,10,4,95.1,141.3,605.8,256,28.7,33,4,0,46.7
3,5,11,6,93.5,149.3,728.6,328,17.2,43,3.1,0,48.55
7,5,12,2,91.7,48.5,696.1,242,16.1,44,4,0,49.37
4,3,10,4,94.5,139.4,689.1,168,28.9,29,4.9,0,49.59
4,5,4,1,85,9,56.9,464,10.1,62,1.8,0,51.78
8,6,10,1,81.6,56.7,665.6,392,27.8,35,2.7,0,54.29
8,6,11,2,91.6,108.4,764,442,22.7,35,2.2,0,56.04
8,6,10,7,92.2,81.8,480.8,201,20.1,34,4.5,0,58.3
2,4,5,3,93.4,15,25.6,38,15.2,19,7.6,0,61.13
1,5,11,1,93.5,149.3,728.6,350,27.8,27,3.1,0,64.1
9,4,8,7,90.5,61.1,252.6,322,24.5,50,3.1,0,70.32
1,4,11,1,91,276.3,825.1,32,14.5,76,7.6,0,70.76
8,6,10,7,92.2,81.8,480.8,244,16.4,43,4,0,71.3
1,4,10,4,91.7,191.4,635.9,232,19.9,50,4,0,82.75
7,6,9,3,93.1,180.4,430.8,129,26.9,28,5.4,0,86.45
4,5,11,4,92.9,133.3,699.6,503,19.4,19,1.3,0,88.49
4,6,11,1,93.5,149.3,728.6,357,28.3,26,3.1,0,95.18
7,5,11,3,91,129.5,692.6,441,20.7,37,2.2,0,103.39
9,4,11,3,84.4,73.4,671.9,337,24.3,36,3.1,0,105.66
4,5,11,7,92.5,121.1,674.4,360,17.7,25,3.1,0,154.88
2,5,10,7,93.7,231.1,715.1,141,18.9,64,4.9,0,174.63
8,8,10,4,91.7,191.4,635.9,198,26.2,36,4.5,0,185.76
3,4,10,1,91.4,142.4,601.4,179,11.6,87,4.5,0,196.48
8,6,11,7,92.5,121.1,674.4,465,17.8,56,1.8,0,200.94
1,5,11,3,91,129.5,692.6,449,21.6,33,2.2,0,212.88
7,4,9,2,89.2,103.9,431.6,148,22.6,57,4.9,0,278.53
4,5,11,7,92.5,88,698.6,324,20.3,45,3.1,0,746.28
2,2,11,7,92.5,121.1,674.4,471,18.2,46,1.8,0,1090.84
